{
 "denver": [
  39.7643179,
  -104.9251504
 ],
 "london": [
  51.5286208,
  -0.1716374
 ],
 "christchurch": [
  -43.5950779,
  172.4718639
 ]
}